"filename", "language", "JavaScript", "HTML", "Markdown", "JSON", "JavaScript JSX", "XML", "PostCSS", "Python", "CSV", "comment", "blank", "total"
"c:\Users\favia\OneDrive\Desktop\colegio1\backend\config\db.js", "JavaScript", -12, 0, 0, 0, 0, 0, 0, 0, 0, -19, -6, -37
"c:\Users\favia\OneDrive\Desktop\colegio1\backend\controllers\asistenciaController.js", "JavaScript", -124, 0, 0, 0, 0, 0, 0, 0, 0, -9, -18, -151
"c:\Users\favia\OneDrive\Desktop\colegio1\backend\controllers\authController.js", "JavaScript", -132, 0, 0, 0, 0, 0, 0, 0, 0, -72, -21, -225
"c:\Users\favia\OneDrive\Desktop\colegio1\backend\controllers\cuadernoController.js", "JavaScript", -104, 0, 0, 0, 0, 0, 0, 0, 0, -10, -15, -129
"c:\Users\favia\OneDrive\Desktop\colegio1\backend\controllers\cursoController.js", "JavaScript", -121, 0, 0, 0, 0, 0, 0, 0, 0, -10, -17, -148
"c:\Users\favia\OneDrive\Desktop\colegio1\backend\controllers\evaluacionController.js", "JavaScript", -179, 0, 0, 0, 0, 0, 0, 0, 0, -17, -26, -222
"c:\Users\favia\OneDrive\Desktop\colegio1\backend\controllers\inscripcionController.js", "JavaScript", -84, 0, 0, 0, 0, 0, 0, 0, 0, -13, -16, -113
"c:\Users\favia\OneDrive\Desktop\colegio1\backend\controllers\materiaController.js", "JavaScript", -86, 0, 0, 0, 0, 0, 0, 0, 0, -10, -9, -105
"c:\Users\favia\OneDrive\Desktop\colegio1\backend\controllers\mlController.js", "JavaScript", -138, 0, 0, 0, 0, 0, 0, 0, 0, -36, -30, -204
"c:\Users\favia\OneDrive\Desktop\colegio1\backend\controllers\notificacionController.js", "JavaScript", -225, 0, 0, 0, 0, 0, 0, 0, 0, -60, -36, -321
"c:\Users\favia\OneDrive\Desktop\colegio1\backend\controllers\studentController.js", "JavaScript", -148, 0, 0, 0, 0, 0, 0, 0, 0, -31, -21, -200
"c:\Users\favia\OneDrive\Desktop\colegio1\backend\middlewares\authMiddleware.js", "JavaScript", -70, 0, 0, 0, 0, 0, 0, 0, 0, -61, -16, -147
"c:\Users\favia\OneDrive\Desktop\colegio1\backend\ml\datasets\dataset_rendimiento_estudiantil.csv", "CSV", 0, 0, 0, 0, 0, 0, 0, 0, -31, 0, 0, -31
"c:\Users\favia\OneDrive\Desktop\colegio1\backend\ml\mlEngine.js", "JavaScript", -298, 0, 0, 0, 0, 0, 0, 0, 0, -80, -57, -435
"c:\Users\favia\OneDrive\Desktop\colegio1\backend\ml\scripts\entrenar_modelo.py", "Python", 0, 0, 0, 0, 0, 0, 0, -191, 0, -44, -39, -274
"c:\Users\favia\OneDrive\Desktop\colegio1\backend\ml\scripts\generar_dataset.js", "JavaScript", -218, 0, 0, 0, 0, 0, 0, 0, 0, -65, -39, -322
"c:\Users\favia\OneDrive\Desktop\colegio1\backend\models\Asistencia.js", "JavaScript", -51, 0, 0, 0, 0, 0, 0, 0, 0, -18, -8, -77
"c:\Users\favia\OneDrive\Desktop\colegio1\backend\models\CuadernoPedagogico.js", "JavaScript", -61, 0, 0, 0, 0, 0, 0, 0, 0, -17, -7, -85
"c:\Users\favia\OneDrive\Desktop\colegio1\backend\models\Curso.js", "JavaScript", -56, 0, 0, 0, 0, 0, 0, 0, 0, -16, -8, -80
"c:\Users\favia\OneDrive\Desktop\colegio1\backend\models\Evaluacion.js", "JavaScript", -79, 0, 0, 0, 0, 0, 0, 0, 0, -22, -11, -112
"c:\Users\favia\OneDrive\Desktop\colegio1\backend\models\Inscripcion.js", "JavaScript", -29, 0, 0, 0, 0, 0, 0, 0, 0, -15, -6, -50
"c:\Users\favia\OneDrive\Desktop\colegio1\backend\models\Materia.js", "JavaScript", -34, 0, 0, 0, 0, 0, 0, 0, 0, -15, -6, -55
"c:\Users\favia\OneDrive\Desktop\colegio1\backend\models\Notificacion.js", "JavaScript", -59, 0, 0, 0, 0, 0, 0, 0, 0, -17, -12, -88
"c:\Users\favia\OneDrive\Desktop\colegio1\backend\models\PushSubscripcion.js", "JavaScript", -29, 0, 0, 0, 0, 0, 0, 0, 0, -13, -8, -50
"c:\Users\favia\OneDrive\Desktop\colegio1\backend\models\Student.js", "JavaScript", -78, 0, 0, 0, 0, 0, 0, 0, 0, -19, -8, -105
"c:\Users\favia\OneDrive\Desktop\colegio1\backend\models\User.js", "JavaScript", -51, 0, 0, 0, 0, 0, 0, 0, 0, -47, -9, -107
"c:\Users\favia\OneDrive\Desktop\colegio1\backend\package-lock.json", "JSON", 0, 0, 0, -1696, 0, 0, 0, 0, 0, 0, -1, -1697
"c:\Users\favia\OneDrive\Desktop\colegio1\backend\package.json", "JSON", 0, 0, 0, -27, 0, 0, 0, 0, 0, 0, -1, -28
"c:\Users\favia\OneDrive\Desktop\colegio1\backend\routes\asistenciaRoutes.js", "JavaScript", -19, 0, 0, 0, 0, 0, 0, 0, 0, -12, -7, -38
"c:\Users\favia\OneDrive\Desktop\colegio1\backend\routes\authRoutes.js", "JavaScript", -9, 0, 0, 0, 0, 0, 0, 0, 0, -31, -9, -49
"c:\Users\favia\OneDrive\Desktop\colegio1\backend\routes\cuadernoRoutes.js", "JavaScript", -19, 0, 0, 0, 0, 0, 0, 0, 0, -10, -6, -35
"c:\Users\favia\OneDrive\Desktop\colegio1\backend\routes\cursoRoutes.js", "JavaScript", -21, 0, 0, 0, 0, 0, 0, 0, 0, -12, -7, -40
"c:\Users\favia\OneDrive\Desktop\colegio1\backend\routes\evaluacionRoutes.js", "JavaScript", -21, 0, 0, 0, 0, 0, 0, 0, 0, -12, -7, -40
"c:\Users\favia\OneDrive\Desktop\colegio1\backend\routes\inscripcionRoutes.js", "JavaScript", -15, 0, 0, 0, 0, 0, 0, 0, 0, -8, -6, -29
"c:\Users\favia\OneDrive\Desktop\colegio1\backend\routes\materiaRoutes.js", "JavaScript", -19, 0, 0, 0, 0, 0, 0, 0, 0, -10, -6, -35
"c:\Users\favia\OneDrive\Desktop\colegio1\backend\routes\mlRoutes.js", "JavaScript", -13, 0, 0, 0, 0, 0, 0, 0, 0, -19, -8, -40
"c:\Users\favia\OneDrive\Desktop\colegio1\backend\routes\notificacionRoutes.js", "JavaScript", -19, 0, 0, 0, 0, 0, 0, 0, 0, -10, -7, -36
"c:\Users\favia\OneDrive\Desktop\colegio1\backend\routes\studentRoutes.js", "JavaScript", -19, 0, 0, 0, 0, 0, 0, 0, 0, -11, -6, -36
"c:\Users\favia\OneDrive\Desktop\colegio1\backend\server.js", "JavaScript", -46, 0, 0, 0, 0, 0, 0, 0, 0, -51, -17, -114
"c:\Users\favia\OneDrive\Desktop\colegio1\frontend\README.md", "Markdown", 0, 0, 9, 0, 0, 0, 0, 0, 0, 0, 8, 17
"c:\Users\favia\OneDrive\Desktop\colegio1\frontend\eslint.config.js", "JavaScript", 20, 0, 0, 0, 0, 0, 0, 0, 0, 0, 2, 22
"c:\Users\favia\OneDrive\Desktop\colegio1\frontend\index.html", "HTML", 0, 46, 0, 0, 0, 0, 0, 0, 0, 7, 9, 62
"c:\Users\favia\OneDrive\Desktop\colegio1\frontend\package-lock.json", "JSON", 0, 0, 0, 4363, 0, 0, 0, 0, 0, 0, 1, 4364
"c:\Users\favia\OneDrive\Desktop\colegio1\frontend\package.json", "JSON", 0, 0, 0, 36, 0, 0, 0, 0, 0, 0, 1, 37
"c:\Users\favia\OneDrive\Desktop\colegio1\frontend\postcss.config.js", "JavaScript", 6, 0, 0, 0, 0, 0, 0, 0, 0, 0, 1, 7
"c:\Users\favia\OneDrive\Desktop\colegio1\frontend\public\favicon.svg", "XML", 0, 0, 0, 0, 0, 1, 0, 0, 0, 0, 0, 1
"c:\Users\favia\OneDrive\Desktop\colegio1\frontend\public\icons.svg", "XML", 0, 0, 0, 0, 0, 24, 0, 0, 0, 0, 1, 25
"c:\Users\favia\OneDrive\Desktop\colegio1\frontend\public\manifest.json", "JSON", 0, 0, 0, 67, 0, 0, 0, 0, 0, 0, 1, 68
"c:\Users\favia\OneDrive\Desktop\colegio1\frontend\public\sw.js", "JavaScript", 141, 0, 0, 0, 0, 0, 0, 0, 0, 20, 18, 179
"c:\Users\favia\OneDrive\Desktop\colegio1\frontend\src\App.jsx", "JavaScript JSX", 0, 0, 0, 0, 50, 0, 0, 0, 0, 7, 7, 64
"c:\Users\favia\OneDrive\Desktop\colegio1\frontend\src\api\axiosConfig.js", "JavaScript", 12, 0, 0, 0, 0, 0, 0, 0, 0, 19, 5, 36
"c:\Users\favia\OneDrive\Desktop\colegio1\frontend\src\api\offlineDB.js", "JavaScript", 204, 0, 0, 0, 0, 0, 0, 0, 0, 42, 28, 274
"c:\Users\favia\OneDrive\Desktop\colegio1\frontend\src\api\syncManager.js", "JavaScript", 141, 0, 0, 0, 0, 0, 0, 0, 0, 22, 28, 191
"c:\Users\favia\OneDrive\Desktop\colegio1\frontend\src\assets\react.svg", "XML", 0, 0, 0, 0, 0, 1, 0, 0, 0, 0, 0, 1
"c:\Users\favia\OneDrive\Desktop\colegio1\frontend\src\assets\vite.svg", "XML", 0, 0, 0, 0, 0, 1, 0, 0, 0, 0, 1, 2
"c:\Users\favia\OneDrive\Desktop\colegio1\frontend\src\components\Footer.jsx", "JavaScript JSX", 0, 0, 0, 0, 40, 0, 0, 0, 0, 6, 7, 53
"c:\Users\favia\OneDrive\Desktop\colegio1\frontend\src\components\Header.jsx", "JavaScript JSX", 0, 0, 0, 0, 66, 0, 0, 0, 0, 12, 14, 92
"c:\Users\favia\OneDrive\Desktop\colegio1\frontend\src\components\Layout.jsx", "JavaScript JSX", 0, 0, 0, 0, 53, 0, 0, 0, 0, 9, 10, 72
"c:\Users\favia\OneDrive\Desktop\colegio1\frontend\src\components\NotificacionesPanel.jsx", "JavaScript JSX", 0, 0, 0, 0, 189, 0, 0, 0, 0, 23, 20, 232
"c:\Users\favia\OneDrive\Desktop\colegio1\frontend\src\components\ProtectedRoute.jsx", "JavaScript JSX", 0, 0, 0, 0, 36, 0, 0, 0, 0, 6, 7, 49
"c:\Users\favia\OneDrive\Desktop\colegio1\frontend\src\components\Sidebar.jsx", "JavaScript JSX", 0, 0, 0, 0, 101, 0, 0, 0, 0, 9, 12, 122
"c:\Users\favia\OneDrive\Desktop\colegio1\frontend\src\context\AuthContext.jsx", "JavaScript JSX", 0, 0, 0, 0, 159, 0, 0, 0, 0, 31, 20, 210
"c:\Users\favia\OneDrive\Desktop\colegio1\frontend\src\context\NotificacionesContext.jsx", "JavaScript JSX", 0, 0, 0, 0, 183, 0, 0, 0, 0, 26, 36, 245
"c:\Users\favia\OneDrive\Desktop\colegio1\frontend\src\context\OfflineContext.jsx", "JavaScript JSX", 0, 0, 0, 0, 211, 0, 0, 0, 0, 16, 27, 254
"c:\Users\favia\OneDrive\Desktop\colegio1\frontend\src\context\ThemeContext.jsx", "JavaScript JSX", 0, 0, 0, 0, 72, 0, 0, 0, 0, 23, 13, 108
"c:\Users\favia\OneDrive\Desktop\colegio1\frontend\src\index.css", "PostCSS", 0, 0, 0, 0, 0, 0, 2121, 0, 0, 105, 316, 2542
"c:\Users\favia\OneDrive\Desktop\colegio1\frontend\src\main.jsx", "JavaScript JSX", 0, 0, 0, 0, 21, 0, 0, 0, 0, 1, 3, 25
"c:\Users\favia\OneDrive\Desktop\colegio1\frontend\src\pages\Asistencia.jsx", "JavaScript JSX", 0, 0, 0, 0, 623, 0, 0, 0, 0, 30, 28, 681
"c:\Users\favia\OneDrive\Desktop\colegio1\frontend\src\pages\Cuadernos.jsx", "JavaScript JSX", 0, 0, 0, 0, 283, 0, 0, 0, 0, 14, 36, 333
"c:\Users\favia\OneDrive\Desktop\colegio1\frontend\src\pages\Cursos.jsx", "JavaScript JSX", 0, 0, 0, 0, 159, 0, 0, 0, 0, 3, 14, 176
"c:\Users\favia\OneDrive\Desktop\colegio1\frontend\src\pages\Dashboard.jsx", "JavaScript JSX", 0, 0, 0, 0, 197, 0, 0, 0, 0, 12, 16, 225
"c:\Users\favia\OneDrive\Desktop\colegio1\frontend\src\pages\Estudiantes.jsx", "JavaScript JSX", 0, 0, 0, 0, 361, 0, 0, 0, 0, 18, 29, 408
"c:\Users\favia\OneDrive\Desktop\colegio1\frontend\src\pages\Evaluaciones.jsx", "JavaScript JSX", 0, 0, 0, 0, 315, 0, 0, 0, 0, 32, 31, 378
"c:\Users\favia\OneDrive\Desktop\colegio1\frontend\src\pages\Login.jsx", "JavaScript JSX", 0, 0, 0, 0, 148, 0, 0, 0, 0, 8, 16, 172
"c:\Users\favia\OneDrive\Desktop\colegio1\frontend\src\pages\Materias.jsx", "JavaScript JSX", 0, 0, 0, 0, 387, 0, 0, 0, 0, 26, 36, 449
"c:\Users\favia\OneDrive\Desktop\colegio1\frontend\src\pages\Predicciones.jsx", "JavaScript JSX", 0, 0, 0, 0, 830, 0, 0, 0, 0, 43, 51, 924
"c:\Users\favia\OneDrive\Desktop\colegio1\frontend\src\pages\Register.jsx", "JavaScript JSX", 0, 0, 0, 0, 190, 0, 0, 0, 0, 6, 20, 216
"c:\Users\favia\OneDrive\Desktop\colegio1\frontend\src\pages\Reportes.jsx", "JavaScript JSX", 0, 0, 0, 0, 464, 0, 0, 0, 0, 38, 51, 553
"c:\Users\favia\OneDrive\Desktop\colegio1\frontend\tailwind.config.js", "JavaScript", 22, 0, 0, 0, 0, 0, 0, 0, 0, 1, 1, 24
"c:\Users\favia\OneDrive\Desktop\colegio1\frontend\vite.config.js", "JavaScript", 5, 0, 0, 0, 0, 0, 0, 0, 0, 1, 2, 8
"Total", "-", -2135, 46, 9, 2743, 5138, 27, 2121, -191, -31, -306, 390, 7811