estudiante_id,curso_id,curso,materia_id,materia,gestion,trimestre,ser,saber,hacer,autoevaluacion,total_trimestre,promedio_anterior,promedio_parcial,variacion_promedio,asistencias,faltas,retrasos,licencias,porcentaje_asistencia,materias_bajo_rendimiento,riesgo_academico,nota_final_estimada
6a582062eec3be8bdeb712b4,6a05d2ceb0f95ad990478f2d,4to A secundaria mañana,6a05d2ceb0f95ad990478f2c,Matematicas,2026,1,10,30,20,5,65,,65,0,61,2,5,2,87.14,0,bajo,65
6a11181eadb110650a85ac20,6a05d2ceb0f95ad990478f2d,4to A secundaria mañana,6a05d2ceb0f95ad990478f2c,Matematicas,2026,1,10,25,35,3,73,,73,0,56,6,8,0,80,0,bajo,72
6a582179eec3be8bdeb712b6,6a05d2ceb0f95ad990478f2d,4to A secundaria mañana,6a05d2ceb0f95ad990478f2c,Matematicas,2026,1,10,12,10,5,37,,37,0,55,5,9,1,78.57,1,alto,36
6a05d281b0f95ad990478f2b,6a05d2ceb0f95ad990478f2d,4to A secundaria mañana,6a05d2ceb0f95ad990478f2c,Matematicas,2026,1,10,14,25,5,54,,54,0,42,3,22,3,60,0,medio,50
6a582252eec3be8bdeb712b8,6a05d2ceb0f95ad990478f2d,4to A secundaria mañana,6a05d2ceb0f95ad990478f2c,Matematicas,2026,1,5,14,4,5,28,,28,0,54,2,12,2,77.14,1,alto,27
6a582062eec3be8bdeb712b4,6a05d2ceb0f95ad990478f2d,4to A secundaria mañana,6a05d2ceb0f95ad990478f2c,Matematicas,2026,2,4,30,15,3,52,65,58.5,-13,63,2,6,1,87.5,0,medio,59
6a11181eadb110650a85ac20,6a05d2ceb0f95ad990478f2d,4to A secundaria mañana,6a05d2ceb0f95ad990478f2c,Matematicas,2026,2,5,41,30,3,79,73,76,6,60,0,12,0,83.33,0,bajo,76
6a582179eec3be8bdeb712b6,6a05d2ceb0f95ad990478f2d,4to A secundaria mañana,6a05d2ceb0f95ad990478f2c,Matematicas,2026,2,10,40,20,2,72,37,54.5,35,58,2,12,0,80.56,1,bajo,54
6a05d281b0f95ad990478f2b,6a05d2ceb0f95ad990478f2d,4to A secundaria mañana,6a05d2ceb0f95ad990478f2c,Matematicas,2026,2,6,35,40,4,85,54,69.5,31,54,1,17,0,75,0,bajo,68
6a582252eec3be8bdeb712b8,6a05d2ceb0f95ad990478f2d,4to A secundaria mañana,6a05d2ceb0f95ad990478f2c,Matematicas,2026,2,10,38,38,5,91,28,59.5,63,63,2,7,0,87.5,1,bajo,60
6a582062eec3be8bdeb712b4,6a05d2ceb0f95ad990478f2d,4to A secundaria mañana,6a05d2ceb0f95ad990478f2c,Matematicas,2026,3,4,24,25,3,56,52,57.67,4,64,0,2,1,95.52,0,medio,54
6a11181eadb110650a85ac20,6a05d2ceb0f95ad990478f2d,4to A secundaria mañana,6a05d2ceb0f95ad990478f2c,Matematicas,2026,3,3,41,36,2,82,79,78,3,63,2,2,0,94.03,0,bajo,81
6a582179eec3be8bdeb712b6,6a05d2ceb0f95ad990478f2d,4to A secundaria mañana,6a05d2ceb0f95ad990478f2c,Matematicas,2026,3,2,25,25,5,57,72,55.33,-15,59,1,6,1,88.06,1,medio,65
6a05d281b0f95ad990478f2b,6a05d2ceb0f95ad990478f2d,4to A secundaria mañana,6a05d2ceb0f95ad990478f2c,Matematicas,2026,3,3,24,23,2,52,85,63.67,-33,61,2,3,1,91.04,0,medio,69
6a582252eec3be8bdeb712b8,6a05d2ceb0f95ad990478f2d,4to A secundaria mañana,6a05d2ceb0f95ad990478f2c,Matematicas,2026,3,5,27,31,4,67,91,62,-24,63,1,3,0,94.03,1,bajo,79
6a5f869430c348646f07a539,6a05d2ceb0f95ad990478f2d,4to A secundaria mañana,6a05d2ceb0f95ad990478f2c,Matematicas,2026,1,2,23,20,0,45,,45,0,59,4,5,2,84.29,1,alto,45
6a5f814230c348646f07a530,6a05d2ceb0f95ad990478f2d,4to A secundaria mañana,6a05d2ceb0f95ad990478f2c,Matematicas,2026,1,5,20,30,4,59,,59,0,54,1,13,2,77.14,0,medio,58
6a5f88bb30c348646f07a53b,6a05d2ceb0f95ad990478f2d,4to A secundaria mañana,6a05d2ceb0f95ad990478f2c,Matematicas,2026,1,2,20,20,1,43,,43,0,55,1,12,2,78.57,1,alto,42
6a5f8b7a30c348646f07a544,6a05d2ceb0f95ad990478f2d,4to A secundaria mañana,6a05d2ceb0f95ad990478f2c,Matematicas,2026,1,5,42,35,4,86,,86,0,48,12,8,2,68.57,0,medio,84
6a5f8a1530c348646f07a53f,6a05d2ceb0f95ad990478f2d,4to A secundaria mañana,6a05d2ceb0f95ad990478f2c,Matematicas,2026,1,5,20,24,3,52,,52,0,54,3,10,3,77.14,0,medio,51
6a5f869430c348646f07a539,6a05d2ceb0f95ad990478f2d,4to A secundaria mañana,6a05d2ceb0f95ad990478f2c,Matematicas,2026,2,6,36,22,3,67,45,56,22,67,1,3,1,93.06,1,bajo,56
6a5f814230c348646f07a530,6a05d2ceb0f95ad990478f2d,4to A secundaria mañana,6a05d2ceb0f95ad990478f2c,Matematicas,2026,2,5,25,25,4,59,59,59,0,67,1,3,1,93.06,0,medio,59
6a5f88bb30c348646f07a53b,6a05d2ceb0f95ad990478f2d,4to A secundaria mañana,6a05d2ceb0f95ad990478f2c,Matematicas,2026,2,3,24,36,3,66,43,54.5,23,63,1,7,1,87.5,1,bajo,55
6a5f8b7a30c348646f07a544,6a05d2ceb0f95ad990478f2d,4to A secundaria mañana,6a05d2ceb0f95ad990478f2c,Matematicas,2026,2,4,33,36,5,78,86,82,-8,60,3,7,2,83.33,0,bajo,82
6a5f8a1530c348646f07a53f,6a05d2ceb0f95ad990478f2d,4to A secundaria mañana,6a05d2ceb0f95ad990478f2c,Matematicas,2026,2,5,36,38,5,84,52,68,32,54,2,16,0,75,0,bajo,67
6a5f869430c348646f07a539,6a05d2ceb0f95ad990478f2d,4to A secundaria mañana,6a05d2ceb0f95ad990478f2c,Matematicas,2026,3,5,25,25,5,60,67,57.33,-7,66,1,0,0,98.51,1,medio,64
6a5f814230c348646f07a530,6a05d2ceb0f95ad990478f2d,4to A secundaria mañana,6a05d2ceb0f95ad990478f2c,Matematicas,2026,3,5,22,22,5,54,59,57.33,-5,65,0,2,0,97.01,0,medio,57
6a5f88bb30c348646f07a53b,6a05d2ceb0f95ad990478f2d,4to A secundaria mañana,6a05d2ceb0f95ad990478f2c,Matematicas,2026,3,2,14,16,1,33,66,47.33,-33,64,0,2,1,95.52,1,alto,50
6a5f8b7a30c348646f07a544,6a05d2ceb0f95ad990478f2d,4to A secundaria mañana,6a05d2ceb0f95ad990478f2c,Matematicas,2026,3,10,25,40,5,80,78,81.33,2,65,1,0,1,97.01,0,bajo,79
6a5f8a1530c348646f07a53f,6a05d2ceb0f95ad990478f2d,4to A secundaria mañana,6a05d2ceb0f95ad990478f2c,Matematicas,2026,3,2,24,40,5,71,84,69,-13,61,1,3,2,91.04,0,bajo,78