"filename", "language", "JavaScript", "JSON", "Python", "CSV", "comment", "blank", "total"
"c:\Users\favia\Desktop\colegio1\backend\config\db.js", "JavaScript", 12, 0, 0, 0, 19, 6, 37
"c:\Users\favia\Desktop\colegio1\backend\controllers\asistenciaController.js", "JavaScript", 124, 0, 0, 0, 9, 18, 151
"c:\Users\favia\Desktop\colegio1\backend\controllers\authController.js", "JavaScript", 132, 0, 0, 0, 72, 21, 225
"c:\Users\favia\Desktop\colegio1\backend\controllers\cuadernoController.js", "JavaScript", 104, 0, 0, 0, 10, 15, 129
"c:\Users\favia\Desktop\colegio1\backend\controllers\cursoController.js", "JavaScript", 121, 0, 0, 0, 10, 17, 148
"c:\Users\favia\Desktop\colegio1\backend\controllers\evaluacionController.js", "JavaScript", 179, 0, 0, 0, 17, 26, 222
"c:\Users\favia\Desktop\colegio1\backend\controllers\inscripcionController.js", "JavaScript", 84, 0, 0, 0, 13, 16, 113
"c:\Users\favia\Desktop\colegio1\backend\controllers\materiaController.js", "JavaScript", 86, 0, 0, 0, 10, 9, 105
"c:\Users\favia\Desktop\colegio1\backend\controllers\mlController.js", "JavaScript", 138, 0, 0, 0, 36, 30, 204
"c:\Users\favia\Desktop\colegio1\backend\controllers\notificacionController.js", "JavaScript", 225, 0, 0, 0, 60, 36, 321
"c:\Users\favia\Desktop\colegio1\backend\controllers\studentController.js", "JavaScript", 148, 0, 0, 0, 31, 21, 200
"c:\Users\favia\Desktop\colegio1\backend\middlewares\authMiddleware.js", "JavaScript", 70, 0, 0, 0, 61, 16, 147
"c:\Users\favia\Desktop\colegio1\backend\ml\datasets\dataset_rendimiento_estudiantil.csv", "CSV", 0, 0, 0, 31, 0, 0, 31
"c:\Users\favia\Desktop\colegio1\backend\ml\mlEngine.js", "JavaScript", 298, 0, 0, 0, 80, 57, 435
"c:\Users\favia\Desktop\colegio1\backend\ml\scripts\entrenar_modelo.py", "Python", 0, 0, 191, 0, 44, 39, 274
"c:\Users\favia\Desktop\colegio1\backend\ml\scripts\generar_dataset.js", "JavaScript", 218, 0, 0, 0, 65, 39, 322
"c:\Users\favia\Desktop\colegio1\backend\models\Asistencia.js", "JavaScript", 51, 0, 0, 0, 18, 8, 77
"c:\Users\favia\Desktop\colegio1\backend\models\CuadernoPedagogico.js", "JavaScript", 61, 0, 0, 0, 17, 7, 85
"c:\Users\favia\Desktop\colegio1\backend\models\Curso.js", "JavaScript", 56, 0, 0, 0, 16, 8, 80
"c:\Users\favia\Desktop\colegio1\backend\models\Evaluacion.js", "JavaScript", 79, 0, 0, 0, 22, 11, 112
"c:\Users\favia\Desktop\colegio1\backend\models\Inscripcion.js", "JavaScript", 29, 0, 0, 0, 15, 6, 50
"c:\Users\favia\Desktop\colegio1\backend\models\Materia.js", "JavaScript", 34, 0, 0, 0, 15, 6, 55
"c:\Users\favia\Desktop\colegio1\backend\models\Notificacion.js", "JavaScript", 59, 0, 0, 0, 17, 12, 88
"c:\Users\favia\Desktop\colegio1\backend\models\PushSubscripcion.js", "JavaScript", 29, 0, 0, 0, 13, 8, 50
"c:\Users\favia\Desktop\colegio1\backend\models\Student.js", "JavaScript", 78, 0, 0, 0, 19, 8, 105
"c:\Users\favia\Desktop\colegio1\backend\models\User.js", "JavaScript", 51, 0, 0, 0, 47, 9, 107
"c:\Users\favia\Desktop\colegio1\backend\package-lock.json", "JSON", 0, 1696, 0, 0, 0, 1, 1697
"c:\Users\favia\Desktop\colegio1\backend\package.json", "JSON", 0, 27, 0, 0, 0, 1, 28
"c:\Users\favia\Desktop\colegio1\backend\routes\asistenciaRoutes.js", "JavaScript", 19, 0, 0, 0, 12, 7, 38
"c:\Users\favia\Desktop\colegio1\backend\routes\authRoutes.js", "JavaScript", 9, 0, 0, 0, 31, 9, 49
"c:\Users\favia\Desktop\colegio1\backend\routes\cuadernoRoutes.js", "JavaScript", 19, 0, 0, 0, 10, 6, 35
"c:\Users\favia\Desktop\colegio1\backend\routes\cursoRoutes.js", "JavaScript", 21, 0, 0, 0, 12, 7, 40
"c:\Users\favia\Desktop\colegio1\backend\routes\evaluacionRoutes.js", "JavaScript", 21, 0, 0, 0, 12, 7, 40
"c:\Users\favia\Desktop\colegio1\backend\routes\inscripcionRoutes.js", "JavaScript", 15, 0, 0, 0, 8, 6, 29
"c:\Users\favia\Desktop\colegio1\backend\routes\materiaRoutes.js", "JavaScript", 19, 0, 0, 0, 10, 6, 35
"c:\Users\favia\Desktop\colegio1\backend\routes\mlRoutes.js", "JavaScript", 13, 0, 0, 0, 19, 8, 40
"c:\Users\favia\Desktop\colegio1\backend\routes\notificacionRoutes.js", "JavaScript", 19, 0, 0, 0, 10, 7, 36
"c:\Users\favia\Desktop\colegio1\backend\routes\studentRoutes.js", "JavaScript", 19, 0, 0, 0, 11, 6, 36
"c:\Users\favia\Desktop\colegio1\backend\server.js", "JavaScript", 47, 0, 0, 0, 51, 17, 115
"Total", "-", 2687, 1723, 191, 31, 922, 537, 6091